{
    "items": [
        {
            "Name": "Cameras",
            "TextColor": {
                "r": 1.0,
                "g": 1.0,
                "b": 1.0,
                "a": 1.0
            },
            "IsGradientBackground": true,
            "BackgroundColor": {
                "r": 0.5,
                "g": 0.5,
                "b": 0.5,
                "a": 1.0
            },
            "BackgroundGradient": {
                "serializedVersion": "2",
                "key0": {
                    "r": 0.9811320900917053,
                    "g": 0.2885163128376007,
                    "b": 0.12495550513267517,
                    "a": 1.0
                },
                "key1": {
                    "r": 0.7830188870429993,
                    "g": 0.5116153359413147,
                    "b": 0.09972410649061203,
                    "a": 1.0
                },
                "key2": {
                    "r": 0.0,
                    "g": 0.0,
                    "b": 0.0,
                    "a": 0.0
                },
                "key3": {
                    "r": 0.0,
                    "g": 0.0,
                    "b": 0.0,
                    "a": 0.0
                },
                "key4": {
                    "r": 0.0,
                    "g": 0.0,
                    "b": 0.0,
                    "a": 0.0
                },
                "key5": {
                    "r": 0.0,
                    "g": 0.0,
                    "b": 0.0,
                    "a": 0.0
                },
                "key6": {
                    "r": 0.0,
                    "g": 0.0,
                    "b": 0.0,
                    "a": 0.0
                },
                "key7": {
                    "r": 0.0,
                    "g": 0.0,
                    "b": 0.0,
                    "a": 0.0
                },
                "ctime0": 0,
                "ctime1": 65535,
                "ctime2": 0,
                "ctime3": 0,
                "ctime4": 0,
                "ctime5": 0,
                "ctime6": 0,
                "ctime7": 0,
                "atime0": 0,
                "atime1": 65535,
                "atime2": 0,
                "atime3": 0,
                "atime4": 0,
                "atime5": 0,
                "atime6": 0,
                "atime7": 0,
                "m_Mode": 0,
                "m_ColorSpace": 0,
                "m_NumColorKeys": 2,
                "m_NumAlphaKeys": 2
            },
            "FontSize": 14,
            "FontStyle": 1,
            "TextAnchor": 4,
            "ImageType": 0
        },
        {
            "Name": "Post Processing",
            "TextColor": {
                "r": 1.0,
                "g": 1.0,
                "b": 1.0,
                "a": 1.0
            },
            "IsGradientBackground": true,
            "BackgroundColor": {
                "r": 0.5,
                "g": 0.5,
                "b": 0.5,
                "a": 1.0
            },
            "BackgroundGradient": {
                "serializedVersion": "2",
                "key0": {
                    "r": 0.9811320900917053,
                    "g": 0.2885163128376007,
                    "b": 0.12495550513267517,
                    "a": 1.0
                },
                "key1": {
                    "r": 0.7830188870429993,
                    "g": 0.5116153359413147,
                    "b": 0.09972410649061203,
                    "a": 1.0
                },
                "key2": {
                    "r": 0.0,
                    "g": 0.0,
                    "b": 0.0,
                    "a": 0.0
                },
                "key3": {
                    "r": 0.0,
                    "g": 0.0,
                    "b": 0.0,
                    "a": 0.0
                },
                "key4": {
                    "r": 0.0,
                    "g": 0.0,
                    "b": 0.0,
                    "a": 0.0
                },
                "key5": {
                    "r": 0.0,
                    "g": 0.0,
                    "b": 0.0,
                    "a": 0.0
                },
                "key6": {
                    "r": 0.0,
                    "g": 0.0,
                    "b": 0.0,
                    "a": 0.0
                },
                "key7": {
                    "r": 0.0,
                    "g": 0.0,
                    "b": 0.0,
                    "a": 0.0
                },
                "ctime0": 0,
                "ctime1": 65535,
                "ctime2": 0,
                "ctime3": 0,
                "ctime4": 0,
                "ctime5": 0,
                "ctime6": 0,
                "ctime7": 0,
                "atime0": 0,
                "atime1": 65535,
                "atime2": 0,
                "atime3": 0,
                "atime4": 0,
                "atime5": 0,
                "atime6": 0,
                "atime7": 0,
                "m_Mode": 0,
                "m_ColorSpace": 0,
                "m_NumColorKeys": 2,
                "m_NumAlphaKeys": 2
            },
            "FontSize": 14,
            "FontStyle": 1,
            "TextAnchor": 4,
            "ImageType": 0
        },
        {
            "Name": "Entidades",
            "TextColor": {
                "r": 1.0,
                "g": 1.0,
                "b": 1.0,
                "a": 1.0
            },
            "IsGradientBackground": true,
            "BackgroundColor": {
                "r": 0.5,
                "g": 0.5,
                "b": 0.5,
                "a": 1.0
            },
            "BackgroundGradient": {
                "serializedVersion": "2",
                "key0": {
                    "r": 0.9811320900917053,
                    "g": 0.2885163128376007,
                    "b": 0.12495550513267517,
                    "a": 1.0
                },
                "key1": {
                    "r": 0.7830188870429993,
                    "g": 0.5116153359413147,
                    "b": 0.09972410649061203,
                    "a": 1.0
                },
                "key2": {
                    "r": 0.0,
                    "g": 0.0,
                    "b": 0.0,
                    "a": 0.0
                },
                "key3": {
                    "r": 0.0,
                    "g": 0.0,
                    "b": 0.0,
                    "a": 0.0
                },
                "key4": {
                    "r": 0.0,
                    "g": 0.0,
                    "b": 0.0,
                    "a": 0.0
                },
                "key5": {
                    "r": 0.0,
                    "g": 0.0,
                    "b": 0.0,
                    "a": 0.0
                },
                "key6": {
                    "r": 0.0,
                    "g": 0.0,
                    "b": 0.0,
                    "a": 0.0
                },
                "key7": {
                    "r": 0.0,
                    "g": 0.0,
                    "b": 0.0,
                    "a": 0.0
                },
                "ctime0": 0,
                "ctime1": 65535,
                "ctime2": 0,
                "ctime3": 0,
                "ctime4": 0,
                "ctime5": 0,
                "ctime6": 0,
                "ctime7": 0,
                "atime0": 0,
                "atime1": 65535,
                "atime2": 0,
                "atime3": 0,
                "atime4": 0,
                "atime5": 0,
                "atime6": 0,
                "atime7": 0,
                "m_Mode": 0,
                "m_ColorSpace": 0,
                "m_NumColorKeys": 2,
                "m_NumAlphaKeys": 2
            },
            "FontSize": 14,
            "FontStyle": 1,
            "TextAnchor": 4,
            "ImageType": 0
        },
        {
            "Name": "Enviroments",
            "TextColor": {
                "r": 1.0,
                "g": 1.0,
                "b": 1.0,